{"name":"091595c7-dff9-41c1-bd4a-16dc56c5c0f4","id":"/providers/Microsoft.Flow/flows/091595c7-dff9-41c1-bd4a-16dc56c5c0f4","type":"Microsoft.Flow/flows","properties":{"apiId":"/providers/Microsoft.PowerApps/apis/shared_logicflows","displayName":"差分比較","definition":{"metadata":{"workflowEntityId":null,"processAdvisorMetadata":null,"flowChargedByPaygo":null,"flowclientsuspensionreason":"None","flowclientsuspensiontime":null,"flowclientsuspensionreasondetails":null,"creator":{"id":"dbcac1d6-1cee-48cd-9dc2-2accbd63df8b","type":"User","tenantId":"e9f1477c-aa3c-4064-a70a-3309ddf612ac"},"provisioningMethod":"FromDefinition","failureAlertSubscription":true,"clientLastModifiedTime":"2023-12-20T10:41:21.2884624Z","connectionKeySavedTimeKey":"2023-12-20T10:41:21.2884624Z"},"$schema":"https://schema.management.azure.com/providers/Microsoft.Logic/schemas/2016-06-01/workflowdefinition.json#","contentVersion":"1.0.0.0","parameters":{"$authentication":{"defaultValue":{},"type":"SecureObject"}},"triggers":{"manual":{"metadata":{"operationMetadataId":"d486d551-ac80-4af7-882e-13af72d74c20"},"type":"Request","kind":"Button","inputs":{"schema":{"type":"object","properties":{},"required":[]}}}},"actions":{"変数Beforeを初期化する":{"runAfter":{},"metadata":{"operationMetadataId":"2d834fc7-2cfc-4099-939a-f671fc4e2836"},"type":"InitializeVariable","inputs":{"variables":[{"name":"Before","type":"array","value":[{"Key":"Key001","Value":"Value001"},{"Key":"Key002","Value":"Value002"},{"Key":"Key003","Value":"Value003"},{"Key":"Key004","Value":"Value004"},{"Key":"Key005","Value":"Value005"}]}]}},"変数Afterを初期化する":{"runAfter":{"変数Beforeを初期化する":["Succeeded"]},"metadata":{"operationMetadataId":"83df1370-28cf-4a83-85aa-e108cece7589"},"type":"InitializeVariable","inputs":{"variables":[{"name":"After","type":"array","value":[{"Key":"Key001","Value":"Value001"},{"Key":"Key002","Value":"Value002"},{"Key":"Key003","Value":"Value003"},{"Key":"Key004","Value":"Value104"},{"Key":"Key006","Value":"Value006"}]}]}},"スコープ":{"actions":{"BeforeのKey列のみ選択":{"runAfter":{"Beforeの解析":["Succeeded"]},"metadata":{"operationMetadataId":"e4043257-6c67-41d5-b156-4d5ef76b6dfd"},"type":"Select","inputs":{"from":"@body('Beforeの解析')","select":"@item()['Key']"},"description":"body('Beforeの解析')    item()['Key']"},"作成":{"runAfter":{},"metadata":{"operationMetadataId":"a63ab8ab-4c0b-40fb-9652-b644ae45b042"},"type":"Compose","inputs":1},"Beforeの解析":{"runAfter":{"作成":["Succeeded"]},"metadata":{"operationMetadataId":"c03a913e-bb26-41c1-b85e-9808c77ffeba"},"type":"ParseJson","inputs":{"content":"@variables('Before')","schema":{"type":"array","items":{"type":"object","properties":{"Key":{"type":"string"},"Value":{"type":"string"}},"required":["Key","Value"]}}}},"Afterの解析":{"runAfter":{"作成":["Succeeded"]},"metadata":{"operationMetadataId":"0b4a1d44-c784-4cd4-b4fb-daf2106f98fc"},"type":"ParseJson","inputs":{"content":"@variables('After')","schema":{"type":"array","items":{"type":"object","properties":{"Key":{"type":"string"},"Value":{"type":"string"}},"required":["Key","Value"]}}}},"AfterのKey列のみ選択":{"runAfter":{"Afterの解析":["Succeeded"]},"metadata":{"operationMetadataId":"db6534f1-0210-411d-92aa-58870efe9162"},"type":"Select","inputs":{"from":"@body('Afterの解析')","select":"@item()['Key']"},"description":"body('Afterの解析')    item()['Key']"},"追加対象":{"runAfter":{"作成_2":["Succeeded"]},"metadata":{"operationMetadataId":"582254fa-1237-4932-93db-c40bd58fd899"},"type":"Query","inputs":{"from":"@variables('After')","where":"@not(contains(body('BeforeのKey列のみ選択'), item()['Key']))"},"description":"variables('After')    body('BeforeのKey列のみ選択')    item()['Value']"},"作成_2":{"runAfter":{"AfterのKey列のみ選択":["Succeeded"],"BeforeのKey列のみ選択":["Succeeded"]},"metadata":{"operationMetadataId":"038a328c-5e0c-4547-a232-f938deb3b72e"},"type":"Compose","inputs":2},"削除対象":{"runAfter":{"作成_2":["Succeeded"]},"metadata":{"operationMetadataId":"73fdcb32-879c-4675-9a9e-5b65ce06ad59"},"type":"Query","inputs":{"from":"@variables('Before')","where":"@not(contains(body('AfterのKey列のみ選択'), item()['Key']))"},"description":"variables('Before')    body('AfterのKey列のみ選択')    item()['Value']"}},"runAfter":{"変数Afterを初期化する":["Succeeded"]},"metadata":{"operationMetadataId":"c65b4750-8be4-4ec5-a536-40975b496be8"},"type":"Scope"}}},"connectionReferences":{},"flowFailureAlertSubscribed":false,"isManaged":false}}